0,1,2,3,4,5,6,7,8,9,10,11,12
ANGPTL7,SERPINE2,GADD45B,PLA2G2A,POSTN,RGS5,PRG4,TAGLN,ABLIM3,BIRC5,ISG15,APOD,DLK1
MT1X,INHBA,MT1X,CFD,MMP2,TAGLN,TPPP3,MUSTN1,BARD1,PCLAF,IFI6,POU3F3,CDH19
CILP2,SOD2,JUNB,SFRP2,TGFBI,COL18A1,CRLF1,MYL9,CDC16,STMN1,IFI27,SOCS6,LINC01198
CHAD,AKR1C1,FOSB,GSN,COL1A1,A2M,FN1,ACTA2,NGFR,PRC1,MX1,AL021707.1,PTPRZ1
SCRG1,COL2A1,IER2,CYP1B1,MMP14,COL4A1,AQP1,MYH11,KHDC4,CENPW,LY6E,PLXNB1,COBL
CILP,AKR1C2,FOS,IGFBP4,COL6A3,NOTCH3,PRSS23,FLNA,CCL21,CENPF,IFI44L,SYNJ2,FASTKD5
COMP,MMP3,SAA1,FBLN2,NBL1,SPARCL1,RGCC,CNN1,EPB41L3,SMC4,IFITM3,KLF8,MIPEP
PRELP,FGF2,CHI3L1,SPARCL1,SPON2,COL4A2,TNXB,CALD1,ZBTB2,ANLN,IFITM1,EML4,TRIM9
CLU,SLC7A2,ID1,EFEMP1,RGS3,APOE,TNFAIP6,TPM2,CNP,TK1,IFIT3,PTGDS,MMP17
FMOD,TNFAIP6,HES1,C1R,CTHRC1,ACTA2,EMP3,LPP,ADCY4,TUBA1B,OAS1,UBE3B,NTM
GPX3,AKR1B1,CHI3L2,SERPINF1,LRRC15,MYL9,CRIP1,PPP1R12B,DLL1,TYMS,PLSCR1,ZNF516,PHRF1
LTBP2,SOX9,ID3,GPNMB,COL6A1,CALD1,ISLR,NOTCH3,HLA-DRB5,MKI67,IFIT1,MAP3K1,ICAM5
NNMT,MRPS24,ZFP36,MFAP5,MXRA5,ID4,CAPS,MYLK,MTA2,AC139493.2,CMPK2,FYN,CAPN5
CDO1,HMOX1,JUN,MMP2,S100A10,NR2F2,SH3BGRL3,SPARCL1,B2M,PTTG1,STAT1,ZNF385A,PHACTR1
THBS4,TNFRSF11B,ID2,COL14A1,ANGPTL2,MCAM,CD55,C11orf96,PPP4R2,ZWINT,RSAD2,TNFAIP3,RFC3
ECRG4,SLC39A14,RGS16,SFRP4,COL5A2,CYTOR,FGFBP2,MAP1B,HLA-A,NUF2,TRIM22,CLDN1,FIGN
LOX,FN1,NFKBIA,SCARA5,COL5A1,IGFBP7,TREM1,AOC3,TSC2,CDCA3,OAS2,PRPS2,NUP188
CCN2,CHAC1,CDO1,PLAC9,MAFB,ARID5B,HSD3B7,A2M,A2M,CCNB2,SP100,CYP1B1,ATAD3A
FRZB,OGN,ANGPTL7,CCN5,DPT,HLA-B,UGDH,TPM4,WASL,HMGB2,OAS3,BCL3,MAST3
MT1E,MTHFD2,ADM,CFH,COL6A2,TFPI,PCOLCE2,MCAM,SCRIB,PSMC3IP,MMP2,RNF166,HLA-DRB1
BGN,SERPINA1,DUSP1,VCAN,RAB31,MAP1B,FABP3,ACTB,LIX1L,TROAP,IFI35,DENND4A,COQ10A
DCN,XBP1,CCN2,C1S,THY1,MYH9,AK1,ADIRF,MRPL28,FOXM1,ZNFX1,PPP1R15B,AL022326.1
COL3A1,CHI3L2,EGR1,SELENOP,GJA1,KCNE4,ACKR3,DSTN,CNKSR3,CLSPN,IFI16,FUT8,ELL
ANGPTL5,DGKI,ECRG4,CXCL2,FNDC1,PPP1R14A,TMSB4X,CYFIP2,PHC2,UBE2C,EIF2AK2,EVI5,TENM3
ABI3BP,NOS2,CLU,CXCL12,PDPN,MT-CO1,VCAN,ETS2,RASSF1,CDKN3,ZC3HAV1,BAZ2A,AP1S2
ACAN,MIA,CCN1,SFRP1,COL1A2,MT-ND3,FSTL1,FLNC,CEBPG,RPL39L,MX2,RPRD2,SEMA4B
IGFBP6,RGCC,MT1E,IFI27,ARL4C,ZEB2,RCAN1,YWHAG,TENT4B,ZNF367,SP110,DOCK9,FCHSD2
NPC2,PDE4B,TUBB4B,IGF1,ANTXR1,PDLIM1,TIMP3,ELOVL5,CHD1,ADAM12,IFI44,CXCL14,FGFR4
NDUFA4L2,SERPINA3,KLF10,CXCL3,FAP,TINAGL1,UGP2,TJP1,MTRNR2L8,CENPU,BST2,GNAQ,FAM171A1
ASPN,TIAM2,IER3,BASP1,TPPP3,MT-CO2,SMIM14,AC104083.1,FAM120A,GTSE1,IRF7,PICK1,TAF13
MFGE8,MYO10,DNAJB1,EPHX1,CTSB,TPM4,EMP1,IRF2BPL,GLUD1,GGH,HERC5,WTIP,CNKSR3
COL1A2,C11orf96,GPX3,FBLN1,GPNMB,MT-ND1,ADAMTS2,TBL1X,FNBP1,TPX2,IRF9,MRTO4,KCNN4
FBLN1,SCRG1,SNAI1,CELF2,CADM1,TPM2,PFKP,ADGRE5,ANO1,MZT1,PLEKHA4,RC3H1,SEMA6D
TRAPPC2L,BMP2,H2AFX,TSHZ2,AEBP1,MT-CO3,PTHLH,NES,RBBP4,LMNB2,XAF1,MARCKS,HMGA1
PCOLCE2,WTAP,HEXIM1,MGST1,LGALS1,C11orf96,S100A10,LRRC32,GRB10,HIST1H4C,EPSTI1,NR4A1,LSMEM2
CLEC3A,FOXC2,CHAD,PLPP3,SERPINH1,PDGFRB,C10orf105,STMN1,PECAM1,TUBB,C1R,ABCA8,CLEC14A
PRDX4,FGFBP2,RASD1,FBN1,MXRA8,MEF2C,S100A4,QRICH1,ECHS1,CDKN2D,PDGFRL,ADIPOR2,MIR155HG
OMD,BTG1,NR4A2,TMEM176A,ASPN,TNFAIP3,BCAT1,FRK,RPL37A,CCDC34,CZIB,KEAP1,SACS
AEBP1,ICAM1,SOCS3,EBF1,CD99,GGT5,LOXL2,KRT18,RBM6,LGALS1,DDX60L,MICU2,BRSK1
SCARA3,CD55,RHOB,MYC,BASP1,OLFML2B,CRTAC1,OBSL1,SNRNP70,RACGAP1,ID3,WDR75,ZNF566
LUM,SAT1,MT2A,TMSB10,CTSK,FLNA,DEFB1,WFDC2,RPL26,HMGN2,PDGFRB,DAAM2,L1CAM
LHFPL6,SQSTM1,KLF4,CYBRD1,TNC,ZFP36L1,SLN,PLAU,HYAL2,PIMREG,TYMP,NNT,SDC3
TSPO,RCAN1,COMP,MFAP4,CAPZB,GJC1,PPP1R14C,MTURN,EGFL7,ACOT7,MRC2,SMC5,TRIM11
GSTP1,DDIT4L,NNMT,SERPING1,PXDN,TPM1,MXRA5,DDX1,DAZAP2,TOP2A,STAT2,ID1,DMTF1
RABAC1,ERRFI1,TUBB2A,GEM,CD276,PHLDA1,ANPEP,CDK18,CLEC11A,H2AFV,RGS16,MFAP5,CLASP2
FIBIN,PNRC1,BRD2,TNXB,LOXL2,ATF3,NMB,CSNK2A1,ATP2A3,LYAR,SNAI1,RPS27,MYO1E
DKK3,SLC3A2,CILP,FYN,CLEC11A,LAMC1,S100A6,DLST,ADGRG1,KIF11,CAPNS1,ZNF385D,PAG1
PKD1,SLC7A5,ZC3H12A,C3,COL3A1,SSTR2,SYNPO,GYG1,PLEKHG2,CD70,HERC6,UBE2H,RBP1
SSR3,HTRA1,DCN,SPRY1,SPARC,AHR,RBP4,EFNA1,DYNC1LI1,HMGB3,GADD45B,NAA50,CAPN10
TNC,UGDH,CRYAB,CXCL14,C4orf48,CYP26B1,IGFBP1,MICAL2,RACK1,CKAP2,UBE2L6,RPS29,YOD1
COL12A1,CDON,CITED2,PDGFRL,HTRA1,GUCY1B1,CCND1,INMT,CDC42EP1,UBE2T,DDX58,ZNF717,ADCY6
SPARC,C2CD4B,MCL1,C1QTNF4,CERCAM,ANGPT2,LOXL1,TOP2B,MIER1,DEK,PARP14,MAT2A,NUBP1
PLCG2,NOVA1,SERTAD1,TMEM176B,COL14A1,TMSB10,NTN4,GPD1L,RNH1,CRNDE,PARP10,RBM10,CCP110
NTRK2,GARS,UBC,MEDAG,CD70,PALM2-AKAP2,STMP1,TBC1D23,UQCRC1,SKA2,JUN,C16orf72,SCD
LNPK,H2AFZ,NPC2,CST3,CD24,ANO1,SMOC1,AKAP6,HLA-DRA,HMGB1,IER2,BNC2,SNX19
THBS1,TXNRD1,SERPINA3,ZFP36L1,TMSB4X,GUCY1A1,SORBS2,FAM20B,MPRIP,NUSAP1,IL32,KDM3B,IFITM10
MYOC,HAPLN1,H3F3B,CCDC80,LMNA,EDNRA,CD70,ACTC1,RAPGEF3,ZDHHC12,IGF1,ISG20L2,ZNF362
ECM2,NUPR1,FBXO2,RAMP2,TPM4,INAFM1,PODXL,FBXW7,MRPL51,CKS1B,OLFML3,MMP14,SLC15A3
CCDC3,TM4SF1,ARL6IP1,S100A13,ANKH,CD44,S100A3,MSRB1,PKP4,ZMYND10,SHFL,DCP2,PPTC7
SEMA3C,TSC22D1,NR4A1,PLTP,FRMD6,SLC25A5,ADGRG2,SECISBP2,MCAM,PLK1,PSMB9,KLF5,FAM210B
RCN3,ACKR3,KLF2,SRPX,CALU,MYL12A,DUSP10,WHAMM,KDM2A,RHEB,IFIH1,EIF1,ACOX3
MT1M,HERPUD1,ZFAS1,IRF2BP2,EDIL3,CYGB,AC018816.1,CTNND1,COL4A1,PFN1,IFIT2,HNRNPK,SPATA13
SERTAD4-AS1,SLC7A11,CILP2,AHR,ENAH,OLFM2,TIAM2,COLGALT1,WNK1,LY6K,,ZBTB20,CXCR4
MGP,FTH1,SAP18,TNFAIP2,MARCKS,ETS1,YWHAH,CDK2,EIF4E,TMEM106C,,CDC42EP4,FGF5
ITGA10,CITED4,LAG3,B2M,ADAMTS2,OLFML2A,PROCR,PCNX1,FAM210B,SAC3D1,,HRH1,ITGB8
TNMD,KLF4,FRZB,NFIA,ITGB5,SGIP1,SULF1,DBN1,TMEM87A,TFPI2,,IGFBP4,RANGAP1
HRCT1,MIR100HG,SOD3,HLA-B,SOX4,PLN,CDA,TUBA4A,BMPR2,H2AFZ,,RSBN1,TNFRSF19
SEMA3B,BIRC2,PPP1R15A,DDAH2,MRC2,HIGD1B,SQLE,ARHGAP35,CPEB4,ANTXR2,,RNF24,RIT1
KERA,COL15A1,HSPA1B,MT-ND3,CEMIP,LPL,DKK3,STIM1,NDRG2,LMNA,,TARDBP,MAD1L1
,RSL24D1,SCARA3,MAP1B,ITGB1,MT-CYB,NOVA1,PMF1,HLA-B,ARHGAP11A,,SHC1,SNHG15
,COMP,IER5,CXCL1,FNIP2,C1orf54,TGFBI,PLIN2,KTN1,BIRC3,,SERTAD3,NCAPH2
,EIF2S2,CCNL1,VIM,PCOLCE,MT-ATP6,CDON,CNST,HEXA,C12orf75,,PHYHD1,MICALL2
,SLC38A1,OMD,JUN,PLOD1,B2M,CD151,CERT1,MT-ND3,CENPA,,RPS11,HLA-DQB1
,CILP,MIDN,TSPAN11,DKK3,SPRY2,FAM180A,CBL,DPYSL2,CENPX,,COL18A1,UCKL1
,SLC5A3,CSRNP1,IL6,AQP1,CAVIN1,ACTG1,PHKB,ELMO1,DNAJC9,,CSRNP1,RBP7
,ARSJ,ANGPTL5,TMEM100,CAPG,ZNF703,COL5A1,EPHB6,PPP1R18,CEP55,,CPLANE1,ADGRG6
,CLU,DDIT3,ADD3,PDGFRB,PLXDC1,FBN1,DFFA,CGGBP1,CDK1,,AP4M1,PDGFB
,FMOD,TOB1,G0S2,TAGLN2,PHLDA2,VKORC1,HEPH,CCT5,DIAPH3,,RBM6,NAPB
,SLC38A2,SNHG12,KCNE4,CTSZ,CAMK2N1,VSIR,ACOT9,HLA-C,ASPM,,CDH19,CRKL
,PCOLCE2,GADD45G,FGFR1,FSTL1,FHL2,KCNMA1,RREB1,TPM3,PBK,,GPC3,PLP1
,DDX3X,CCDC3,CD34,GOLM1,TMSB4X,HAS1,DNAJA4,CD34,HMGN1,,PPP1R15A,NOL9
,EIF4EBP1,THBS1,ARC,HCFC1R1,NID1,ITPR3,STK17A,HNRNPA3,CDKN2C,,GFRA1,IFFO2
,PLOD2,MT1M,ABLIM1,AKR7A2,NR3C1,COL15A1,ID4,CYSTM1,UBE2S,,EIF4A1,BTC
,DDIT4,INTS6,GPRC5A,SDC2,CREB3L2,NT5E,AC005261.1,TARDBP,DCK,,ATXN2,ABHD17B
,NRN1,IER5L,ANGPTL1,ENPP1,PRXL2A,CCDC80,STOM,PACSIN2,NEMP1,,TCF4,CEP97
,SDC4,RSRP1,TUBB2B,CRIP1,PEAK1,TYMP,MFHAS1,IGF2,PHF19,,IFI27,CDK11A
,BMP6,MYOC,CD74,ECM1,COL6A2,KCNN4,CTBP2,CPD,LSM4,,ZFHX3,FSTL3
,KLF5,,CADM3,ACTB,DEGS1,YIF1A,AHR,APOD,UCP2,,LCOR,TSPAN11
,SELENOK,,SNX9,TSPAN2,MT-ND4,PGAM1,COL18A1,PPP1R14B,MNS1,,ETV1,OBSCN
,CILP2,,CRABP2,ABHD2,SEPTIN9,TAGLN2,EPAS1,STMN1,DHFR,,GASK1B,TENT2
,KLHL21,,BICC1,PDLIM3,ABL2,TNFRSF11B,RBM10,CDC42,CDC20,,IGFBP5,AEBP2
,PROCR,,MAMDC2,ARPC1B,CHSY1,CDH13,USP9X,TPR,CLEC11A,,TXNIP,DDHD1
,CEBPG,,ENAH,COL8A2,PLEKHH3,GALNT15,TINAGL1,CYGB,TCF19,,RPL36,MFSD6
,BZW1,,IRX3,CMTM3,LOXL2,STK38L,FILIP1,CAVIN3,KIF20B,,TSHZ2,MARS
,NFKBIZ,,COLEC12,ACTG1,ARHGAP10,CREB5,IRF3,ATP1A1,FAM83D,,CFH,TRPM7
,RAPH1,,PDGFD,SLN,LINC00924,PAPSS2,CRK,LDLR,ORC6,,COLEC12,NID1
,PELI1,,ANK2,SYNPO,ACTB,GAPDH,BCAM,SPTAN1,CENPN,,SMAD2,EIF2B5
,PGM2L1,,SPON1,SLC16A3,MT-ND2,UAP1,PTGER4,NPDC1,CLIC1,,ID3,SNRPC
,CHMP4B,,CREB5,NEAT1,CLSTN2,CALU,PHB,KIAA0355,TMEM160,,RPL34,CD83
,PPP1R3C,,SVEP1,MAMDC2,PRSS23,RHOA,HSPB1,TGFBR2,NRP2,,GSN,HLA-F
,CRLF1,,MT-ND2,STMP1,TES,SPARC,NPEPPS,TXN,AURKB,,HUWE1,SEC16A
,ANKH,,HMCN1,P4HA2,TJP2,CRIP2,APBB2,RARRES2,IKBIP,,PTMA,EGFLAM
,BPGM,,CD81,C12orf75,TBC1D1,GAP43,IGFBP7,ARID5A,ACTN4,,SRSF6,ST3GAL6
,GPRC5A,,S100A10,ATP5F1E,GLIPR2,FAM114A1,PLN,MT-ND1,NCAM1,,NCK2,PDCD11
,PXYLP1,,PDGFRA,PFN1,HEY1,RHOC,ZNF331,CDH5,GAPDH,,CES1,DUSP12
,RETREG1,,PTGFRN,CDH11,NR4A3,ITGB5,WFDC1,EFNB1,NUCKS1,,RPS3,PPFIA3
,USP12,,ZFP36L2,PLTP,UPP1,ABHD2,SMIM12,ENG,JCAD,,H3F3B,ANKRD33B
,CCL20,,CD9,PLXDC2,FYN,CSPG4,AKAP1,HSPA6,NUDT8,,RPS16,PCGF3
,PTGS2,,KCTD12,IFI27,GPM6B,ASAP2,KCNE4,GAS5,CDCA5,,JMJD6,AC144831.1
,GLS,,LAMA4,SGCD,AC104083.1,COL8A2,MYL6,CD74,DTYMK,,MAP3K2,KCTD12
,BCAT1,,IFI16,SMOC1,CD276,ACTB,ABCC9,CFLAR,VIM,,JUN,TUBB2B
,TIFA,,CCL2,MICOS10,ZNF580,RAB23,SNHG12,FAM110D,GAS2L1,,ARHGEF17,USP51
,BAMBI,,ANXA2,ADAM12,SMIM3,PPIC,DUSP3,LPL,KIF23,,RPS15A,STARD13
,TRPS1,,THBS2,LOXL1,ARID1A,GFPT2,PTMA,BCL3,CKAP2L,,ODF2L,AC093323.1
,FNIP2,,NR4A1,TYMP,ELOVL5,LDHA,DES,GGNBP2,ERLIN1,,NOP56,KIF20B
,PAPSS2,,ITM2B,THBS3,KLF11,SGK1,SIN3A,BST2,FADS1,,NR4A2,PDLIM4
,ACAN,,PDGFRB,ANPEP,CORO1C,DPT,ARID4A,PODXL,MCUR1,,UBC,FST
,TSPAN2,,TMEM119,ANGPTL1,PLIN2,SELENOS,CELF1,PHB,MAD2L2,,PLK2,PIK3C3
,GCLM,,SYNE3,GUK1,TRIM8,EZR,PHACTR2,SLC25A6,PLP2,,RASSF2,GALNT2
,LARP6,,PRSS23,C1QTNF3,SEPHS2,REXO2,PHF3,CSNK2B,PIN1,,DDX17,HLA-DRA
,UGP2,,CEBPB,PPIB,TRAK1,NOTCH2,TNS1,SRRM2,TUBB6,,RPL11,MARF1
,RNF144B,,ATF3,PPIC,KITLG,IGFBP5,MT-CO1,SAMHD1,TMPO,,MMP2,TRDMT1
,ECRG4,,ABCA8,ANXA2,ENPEP,YWHAQ,PCDH1,ZNF207,YWHAH,,NGFR,AHR
,RABGGTB,,CD99,SH3BGRL3,LMCD1,LRRFIP1,CKB,TUBB,BDKRB1,,ARHGEF28,U2AF2
,SLC25A37,,CTSL,TPI1,CD83,CD44,WWC3,MLF2,TPM4,,MAP1LC3B,EED
,BIRC3,,PTGER4,MFAP2,EIF4E,SDC2,NECTIN2,MT-CO3,ARL4A,,HEY1,TPT1-AS1
,GAS1,,RASD1,NDUFA4L2,FBXO32,MYADM,EIF2AK2,PHACTR2,COX8A,,DDIT4,AKAP8
,CBR3,,KLF6,ANGPTL4,GLUD1,CSF1,WDR26,SNHG8,MAZ,,DACT1,RGMB
,NRP2,,AKAP12,PRSS23,MARCKSL1,PKM,PPP6C,KLF6,PCNA,,PURB,ZEB2
,KDSR,,TACC1,ISLR,CPEB2,CLIC1,SMIM3,KPNA2,TBC1D1,,RPL13A,ZNF426
,S100A1,,SAMHD1,ANXA5,ARHGEF2,PLPP3,DBNDD2,NPM1,PXDN,,CHD1,RALGPS2
,BDKRB1,,PSAP,CCND1,STMN1,HSPB1,ISG15,C9orf16,KIF5B,,NUMA1,SLC2A6
,KCNMA1,,NFIB,SSC5D,FAM110B,,RPAIN,KCTD12,BOLA3,,FBN1,PIP4K2B
,CYLD,,MARCKS,TREM1,HDAC9,,TCP1,TRIB1,RAD23A,,RPL39,RNF8
,SMOC1,,CRISPLD1,PLAU,LARP1,,OAZ2,KDR,CFL1,,UBE2D3,ABLIM3
,COL3A1,,CAMK2N1,MDK,CXCL3,,RPL10A,IER2,AURKAIP1,,ALCAM,ABCA8
,ENPP1,,CYGB,CRTAC1,VGLL4,,TTC37,BCAM,RRM2,,TMSB10,PRELID3B
,NINJ1,,FSTL1,ELN,PTMA,,HSPB7,PLXND1,DNMT1,,CYCS,FZD7
,SIPA1L2,,EMP1,GEM,PAG1,,HMGN4,PPP1R10,MCUB,,HBP1,TMC6
,SLC1A4,,GGT5,CCN5,FZD10,,PRKACA,DYNLRB1,TRIM59,,HIF3A,EGFL8
,DNAJB9,,FOSB,CRABP2,HDAC5,,B3GALNT2,DNAJB6,CARHSP1,,RPLP2,NGFR
,SERTAD2,,PTGFR,,AC027031.2,,NDUFAF8,PEA15,MTSS1,,PTK2,SYT11
,SHMT2,,PALM,,MAP7D1,,ZFP36L1,SPEN,SSNA1,,IFI6,STX3
,CLEC3A,,MAN1A1,,RBFOX2,,DCP1A,THBD,USP1,,RPS25,TRABD2B
,PNRC2,,DPYSL3,,MAN1A1,,UBE2N,SPRY4,ECT2,,HSPA1A,ARID1A
,NFKB1,,CTSK,,COX4I2,,HEYL,TPM4,MTCH2,,EIF5,S1PR3
,NFATC2,,HSPA1A,,CEBPB,,PPP1R14A,PRPF38B,UHRF1,,PPP2R1A,BACH2
,COL11A1,,OLFML3,,LRRC32,,BAZ2A,SNAI1,DUT,,DUSP6,AC108673.3
,PTGES,,FXYD1,,EPS8,,EP300,PFN1,PGP,,MAFB,GPM6B
,ARNTL,,ITM2A,,PDE5A,,LMOD1,TUBB4B,CDK16,,HEXIM1,DAG1
,LIF,,SCPEP1,,THY1,,TPM1,DDX39B,S100A10,,JUNB,SCYL2
,SLC7A1,,CCN3,,EPB41L4A-AS1,,ADAMTS10,RPL4,TMEM97,,PDIA3,SIPA1L2
,GLRX,,NRP1,,SFTA1P,,RPS8,SNHG32,SQLE,,PHLDA3,LEMD2
,ATP1B1,,FILIP1L,,NT5DC2,,MYH9,EPAS1,BANF1,,SBDS,VEZT
,DEFB1,,DPYSL2,,HES4,,FBLIM1,ERF,DRAP1,,RPL17,RPGR
,TNFRSF12A,,NR2F2,,STXBP6,,MT-CO2,ETS1,SSRP1,,SLC25A6,CD74
,H19,,HLA-E,,NEURL1B,,FYTTD1,SPTBN1,ITGA5,,SERTAD1,CRYAB
,SLC2A1,,PPP1R15A,,MTHFD2,,SCN4B,VASH1,TAGLN2,,EFNB1,MIS18A
,CXCL2,,SSPN,,MAP2,,GLDN,GPBP1,TFDP1,,SERPINF1,DDX19B
,SERPINA5,,FHL1,,PLAU,,MOB1A,TXNIP,RAD21,,GLI1,WDR46
,LGALSL,,CD44,,MTUS1,,INPP5A,COL18A1,PPM1G,,ZFP36,PPP1R8
,CHI3L1,,THY1,,SPATS2L,,CPEB4,SNX3,ARL6IP6,,OSR2,PTK2
,VCAM1,,NUCKS1,,ABCC9,,TBX2,MYCT1,MZT2B,,PDP1,PCMTD2
,PNP,,HES1,,PLK2,,USP34,KDM6B,ANAPC15,,ITGB4,ARMC5
,CXCL8,,SDC2,,FABP5,,HIPK1,HES1,CBX5,,ABCA10,PDZRN3
,,,CDKN1A,,TBX2,,SOCS3,SLC25A5,LMNB1,,EGR1,DHX38
,,,MXRA8,,SEPTIN11,,TNFAIP3,FOSL2,ACTB,,MEG3,RARRES2
,,,S100A11,,KANK2,,ADD1,PRMT1,NAV2,,ZFAS1,GAB1
,,,LY6E,,PRXL2C,,BST2,NFKBIA,HELLS,,MIR22HG,OPA1
,,,PODN,,PRRX1,,SORBS3,ACTN1,RBBP8,,EGFR,WARS
,,,ANTXR2,,LRRFIP1,,DAZAP1,HDGFL3,RRP7A,,TXN,MAML3
,,,FGL2,,COL14A1,,NPNT,ZEB2,NSD2,,APP,GIPC1
,,,HAS2,,PNISR,,MIDN,PIM3,MRPL51,,TACC1,BBC3
,,,APOE,,ADAMTS1,,EHD1,ID1,JADE1,,AKAP12,BIRC3
,,,LGALS3BP,,ASAH1,,CPE,SHANK3,IFRD2,,NR2F2,TFB2M
,,,,,CCL2,,ACTR10,MAP3K11,SMS,,LAMA4,CNST
,,,,,ITGB1,,TRIM8,HMGB1,C21orf58,,EPHX1,CTBP2
,,,,,PTK2,,NMD3,SWAP70,BAZ1B,,SOX4,ARID2
,,,,,SERPINH1,,PSME1,ESF1,BEND6,,BRD2,PLK2
,,,,,UBA2,,GNG10,SGK1,CBX1,,KCTD12,CHM
,,,,,CAV2,,SIRT1,NDUFA11,C8orf88,,SELENOP,CLCN7
,,,,,TLN1,,AKAP12,BRK1,RAC1,,XIAP,POGLUT1
,,,,,KHDRBS3,,VASN,DDX17,CRIP1,,ABI2,NLN
,,,,,TXN,,SPOP,SNCG,ESCO2,,AFAP1L2,STAM
,,,,,TUBA1B,,AL627171.2,UQCRB,HMG20B,,PLEKHA2,ARRDC4
,,,,,CHN1,,TENT4B,PDE5A,GLRX3,,TUSC3,CNOT6L
,,,,,MIR4435-2HG,,TGFB1I1,PLVAP,SMC2,,NCL,DMAC2
,,,,,RSL1D1,,CALM2,OLFML2A,TRIP13,,ARF1,CCNE1
,,,,,FOSL2,,PPP2R5C,SRP14,RANBP1,,VIT,REPS1
,,,,,MT1A,,MYL12A,AGRN,TPGS2,,PTPN13,ZHX2
,,,,,THBD,,EIF4G1,CD200,TPRKB,,DDIT3,STARD4
,,,,,RPS17,,BMPR2,RARA,AC092718.4,,IFITM3,USF3
,,,,,ADAMTS4,,DYRK2,EHBP1L1,TOMM40,,ITGA6,PFDN6
,,,,,ATP1A1,,PBRM1,TRMT112,CNIH4,,TNFRSF19,NOP2
,,,,,HLA-A,,B2M,ARL4A,ZFP91,,EBF2,YY1AP1
,,,,,LGALS1,,ATF3,ITGB4,SUMO3,,CELF1,EIF4E
,,,,,EIF4A1,,APEX1,MAGI1,SHCBP1,,RSRC2,NR2C2
,,,,,CCL8,,RERGL,ATF3,CENPK,,SPTBN1,COTL1
,,,,,SEPTIN7,,TMEM47,KANK3,CBFB,,RASSF8,ARHGAP15
,,,,,CAP1,,PTP4A2,LMO2,CAVIN3,,STMN1,XPO7
,,,,,LGI4,,TSC22D2,COL4A2,SRGAP2C,,EGR2,LRRC37B
,,,,,SORBS3,,C12orf75,PALM2-AKAP2,DBI,,LGALS3,TBC1D17
,,,,,RAP1B,,FBXO32,RALY,NRM,,A2M,NT5C3B
,,,,,MARCKS,,NR2F2,RNASE1,HNRNPAB,,HSPE1,ASAP1
,,,,,LUC7L3,,SORBS2,SDCBP,IDH2,,ZBTB7A,LINC00294
,,,,,KCNJ8,,NDUFA4,UXT,SPAG5,,CNTN4,PRKD3
,,,,,PALLD,,CCL2,BCLAF1,TUBG1,,NUMBL,ISG15
,,,,,LGALS3BP,,YTHDC1,SMCHD1,PTMS,,PRNP,PHC3
,,,,,DDX21,,SNX6,ARIH1,PRR11,,RPL31,RAB11FIP1
,,,,,CAV1,,KCNMB1,YWHAE,C1QL1,,H1FX,CAB39
,,,,,MUSTN1,,PHC2,MCTP1,SYNE2,,KPNA4,DHX9
,,,,,SNRPF,,SLC25A25,AFF4,AP2S1,,TLE5,CADM1
,,,,,ACTN4,,CAST,DOCK6,YBX1,,KLF10,AFAP1L2
,,,,,PPP1R15A,,H2AFY,TNFAIP3,KIF1C,,GADD45G,GLYR1
,,,,,LMNA,,ARHGAP42,SOCS3,ANP32E,,BCLAF1,CYP27C1
,,,,,STEAP4,,EBF1,AP1S2,BRCA2,,CCNL1,FAM126A
,,,,,IGFBP5,,BRD4,SLCO2A1,NUCB2,,GLUL,C9orf50
,,,,,ROCK2,,DLC1,GNG11,CDK6,,PILRB,PDE8A
,,,,,ETS2,,RTF2,SMC4,CACYBP,,RAP1B,TTC33
,,,,,DUSP14,,IGFBP5,MEF2C,RNF145,,FBL,NIFK
,,,,,PHLDB2,,PDE5A,SLC9A3R2,CAPG,,PSME1,MLST8
,,,,,NAMPT,,ST6GALNAC6,ITGA7,DOK5,,OLFML3,LGI4
,,,,,CLMN,,SEPTIN9,HSPH1,RHNO1,,SMIM4,FRMD6
,,,,,CPE,,SVIL,TMOD3,H2AFY,,CTNNBL1,TANC2
,,,,,SLN,,SYTL2,S1PR1,POP7,,BTG2,ITGB4
,,,,,HNRNPA3,,KLF2,RAB11A,SMC3,,PEAK1,NCAM1
,,,,,MGLL,,PRKAR2A,MIDN,ATAD2,,RBM23,ZSWIM6
,,,,,FILIP1L,,CBX4,AKAP13,ARL6IP1,,SLC22A3,BMP2K
,,,,,KIF5B,,RYBP,SOX18,PKMYT1,,CHN1,BCL9L
,,,,,HLA-C,,A1BG,GMFG,CALM3,,AFDN,PPP6R1
,,,,,SNHG32,,HSPB6,HLA-DRB1,DYNLT1,,MRAS,SRRT
,,,,,BRD4,,ING1,LUZP1,SUN2,,GAB1,GALNT18
,,,,,KLF6,,SGIP1,PLK2,RAN,,PMAIP1,HLA-DRB5
,,,,,TNS1,,MAP3K8,CD320,ICMT,,PHLDA1,ATG13
,,,,,GUCY1A2,,MYC,APOE,SGCB,,LAMA2,PPP2R5A
,,,,,DSTN,,WDR1,ADGRL4,SPATS2L,,DNAJB6,FRS2
,,,,,EIF3A,,MBNL1,PTPRB,NCAPG,,PIK3R1,POMGNT1
,,,,,MYO1B,,GPCPD1,SP100,AIDA,,FZD2,PHYHD1
,,,,,SH3BGRL,,CAV2,S100A16,BCL7C,,INMT,MEGF9
,,,,,IGFBP2,,VCL,TIE1,PDAP1,,PHLDB2,DENND1A
,,,,,SDC2,,CACNA1H,FLT1,CENPS,,EGR3,ADAMTS8
,,,,,BBX,,SLC20A2,CALCRL,ITPR3,,DAAM1,SMC4
,,,,,LDHB,,ZC3H13,ITGA6,NUDT1,,SLC2A1,DR1
,,,,,HIGD2A,,SBSPON,PNP,TPM3,,EWSR1,CYLD
,,,,,MGST3,,GPS2,HSPD1,YWHAQ,,TENM2,IREB2
,,,,,SLC25A3,,CHD4,SLC44A2,DGCR6L,,EBF1,GPC1
,,,,,H2AFZ,,ARIH1,VWA1,INF2,,PI16,TMEM71
,,,,,TPPP3,,VDAC3,MGST2,RDX,,SEPTIN9,ARHGEF2
,,,,,EBF1,,FABP5,SYNE2,CALM2,,GLRX5,BIRC2
,,,,,JAK1,,NAMPT,CLEC14A,TBPL1,,LZTS1,BPGM
,,,,,PDGFA,,LIMS2,SOX7,RB1,,PEAR1,SRCAP
,,,,,CYFIP2,,PPP2R2A,CLEC2B,MMP14,,MTSS1,LPGAT1
,,,,,APOLD1,,CCL8,EFNA1,UBE2Q2,,EFNB2,ALAD
,,,,,SLC25A6,,KLF11,PLIN2,CBX3,,PABPN1,PTPN9
,,,,,SFPQ,,UQCRH,CD93,OLA1,,FLRT2,RNF145
,,,,,B3GNT2,,COL4A2,ESAM,MIS18BP1,,XRCC5,ADSL
,,,,,COL6A1,,TRIP6,SLC2A3,ANXA2,,NDRG1,PURB
,,,,,PLAC9,,ZBTB16,RGS5,ITGB1BP1,,,LONRF1
,,,,,STOM,,PDLIM5,HDAC7,ENO1,,,KIZ
,,,,,DDX5,,RSRC2,VWF,ABHD12,,,SOS1
,,,,,MPRIP,,HEXIM1,STC1,POLD2,,,TOX
,,,,,EIF1AX,,APOLD1,EMCN,PAQR4,,,CDK6
,,,,,AMOTL2,,UBA2,KRT18,TTL,,,PDXDC1
,,,,,LAMA4,,RAB5C,DIPK2B,PTGER2,,,TAF5
,,,,,RARRES2,,MFAP4,NRP1,ANP32B,,,GPSM1
,,,,,TMEM176B,,ZBTB7A,LAMA4,GMNN,,,PAF1
,,,,,CAVIN3,,PPIA,,LOXL1,,,KLHL18
,,,,,HNRNPD,,SLC2A3,,RRM1,,,CLMN
,,,,,FKBP1A,,ZNF503,,JPT1,,,EPB41L5
,,,,,CFL1,,TPR,,BOLA2,,,TMEM176B
,,,,,CCL21,,YWHAB,,ARPC1B,,,ZFYVE16
,,,,,HNRNPA1,,LDHB,,ARPC5,,,ZSWIM8
,,,,,ASAP1,,MYOCD,,RAB5C,,,ZMYM6
,,,,,YBX1,,ZFP36,,NAA10,,,PMPCB
,,,,,NAP1L1,,CD27-AS1,,CAP1,,,CDC42EP1
,,,,,LPP,,CXCL12,,EIF4EBP1,,,ACIN1
,,,,,EPAS1,,ATP5PD,,ELP5,,,ARHGAP5
,,,,,COX7B,,TMSB4X,,RALY,,,IPO8
,,,,,TEX41,,MLF2,,TIMM10,,,CELF2
,,,,,YWHAQ,,TAX1BP1,,AP1M1,,,TNFAIP3
,,,,,SRSF5,,ZFHX3,,NCAPD3,,,PIK3CA
,,,,,HNRNPH1,,PPP1R12A,,HNRNPA2B1,,,ILF3
,,,,,ANKRD10,,NDUFA10,,TMSB4X,,,DAPK3
,,,,,DLC1,,CSRP1,,CMC2,,,SMC3
,,,,,HSP90AB1,,BLOC1S1,,CTSZ,,,MIA
,,,,,UQCRH,,PLEC,,NGEF,,,GNS
,,,,,MAP3K20,,ATP2B4,,HOMER3,,,TMEM80
,,,,,VAMP2,,NUFIP2,,PPP1R14B,,,RAPGEF5
,,,,,JAG1,,CHMP5,,LSM5,,,TRAF4
,,,,,SDCBP,,LBH,,ATP2B1,,,FASN
,,,,,PSME1,,MT-CYB,,PPIF,,,PPP4R1
,,,,,SLIT3,,AC091182.1,,HPRT1,,,GLIS2
,,,,,RCAN2,,YWHAH,,NT5E,,,ANAPC13
,,,,,COL5A3,,MT-ND1,,ATL3,,,SEMA3B
,,,,,UTRN,,ITGB1,,DUSP10,,,BNIP3L
,,,,,ZYX,,PALLD,,PTMA,,,RHOG
,,,,,RNF152,,CHCHD10,,MUC12,,,BACH1
,,,,,NOP53,,SPEG,,COX20,,,AC048341.1
,,,,,CHCHD10,,ZNF703,,ACYP1,,,HGS
,,,,,COL6A3,,PTK2,,TMCO3,,,COL27A1
,,,,,SRSF7,,DCTN3,,CCNA2,,,CSRP2
,,,,,MYC,,SNCG,,PALM2-AKAP2,,,LAMA5
,,,,,CRIM1,,SUN1,,AK6,,,LRIG1
,,,,,SYNPO2,,ARID5B,,MAP4K4,,,MEF2C
,,,,,CXCL12,,DAPK3,,METTL9,,,STX5
,,,,,LMOD1,,PDE1A,,FABP5,,,CCND1
,,,,,IFI16,,UBB,,XPO1,,,PTPRF
,,,,,RERG,,STAT3,,MRPS15,,,CXorf38
,,,,,C20orf27,,HSPB2,,CDC42EP3,,,STMN1
,,,,,ATP5F1B,,SEPTIN7,,SNRPC,,,DUSP5
,,,,,C1QTNF1,,ESD,,RHOA,,,SPSB3
,,,,,MYH11,,MAP2K3,,SNRPB,,,SMAD4
,,,,,RASGRP2,,CDK2AP2,,MT2A,,,NGDN
,,,,,ADCY3,,CAVIN1,,PRPSAP1,,,KPNA2
,,,,,SLC2A3,,MACF1,,SLC25A39,,,SMC5
,,,,,PPP1R12A,,PPP2CA,,TEX30,,,METTL15
,,,,,ACTN1,,HNRNPF,,LSM8,,,LGALS3BP
,,,,,RBPMS,,PDLIM1,,C1QTNF2,,,SPHK1
,,,,,ITGA1,,RPL5,,PSMD7,,,HLA-DPB1
,,,,,FXYD1,,CAPZA2,,NDUFS8,,,IGFBP5
,,,,,ARHGDIB,,THBD,,CALM1,,,PRKAB2
,,,,,RRAD,,MT-CO3,,TACC3,,,DYNC1H1
,,,,,ARPC5,,ACTN4,,FLNA,,,KDM2A
,,,,,VCL,,SH3BGRL,,KIF14,,,HSPD1
,,,,,VGLL3,,RASSF3,,ITGAE,,,RARS2
,,,,,INPP4B,,CTR9,,AC097534.2,,,DCAF7
,,,,,MYLK,,THRAP3,,CCDC167,,,TMEM132A
,,,,,PARM1,,NDUFB6,,PLK4,,,ABL2
,,,,,ADGRF5,,VAMP2,,CKS2,,,ILF2
,,,,,PDE1A,,HSP90AA1,,PGAM1,,,MED4
,,,,,SLC9A3R2,,ZEB2,,SRP9,,,SLC35F1
,,,,,DNAJB4,,KLF9,,TRIOBP,,,RNPS1
,,,,,EBF2,,PICALM,,COL6A1,,,SEPTIN9
,,,,,TMEM176A,,FOSL2,,EIF4E,,,ATP6V1H
,,,,,KRT18,,HIGD2A,,KLF6,,,CDC42BPB
,,,,,FAM162B,,RBM3,,MDFIC,,,SAP18
,,,,,ADRA2A,,DDAH2,,SAMD4B,,,PSMD6
,,,,,FABP4,,MT-ND4,,HDGF,,,GON7
,,,,,BST2,,SELENOW,,TMSB10,,,TNRC6C
,,,,,TCIM,,RSF1,,SEC22C,,,ANXA1
,,,,,NRARP,,GDI2,,MZT2A,,,SPRTN
,,,,,PRKG1,,CDKN1A,,DENND5A,,,TTC39C
,,,,,SEMA5A,,RPL27A,,ADGRE5,,,AGFG1
,,,,,AVPR1A,,LAMC1,,VPS29,,,GABBR1
,,,,,ARHGAP29,,CD151,,CENPH,,,ZBTB44
,,,,,ARHGEF17,,KHDRBS1,,MGME1,,,DNAJC11
,,,,,ITGA7,,DDIT3,,BLOC1S1,,,SRSF3
,,,,,SCN4B,,NDUFA7,,CD68,,,SLC25A13
,,,,,RSU1,,PPIG,,SAP30,,,RRAGC
,,,,,CTSC,,KMT2E,,PKN1,,,GPBP1
,,,,,CCL19,,HLA-B,,NDUFAF3,,,CCNB1IP1
,,,,,ESAM,,RAN,,ANPEP,,,SMC2
,,,,,EMX2,,RPL14,,HNRNPR,,,RDX
,,,,,CD36,,PFN1,,OLFML2B,,,ATP5F1B
,,,,,CDH6,,ANAPC11,,CEP350,,,ZNF146
,,,,,GJA4,,CSKMT,,NT5DC2,,,TRPC1
,,,,,,,ISYNA1,,LSM2,,,MDFIC
,,,,,,,LTBP1,,SNRPG,,,SPTY2D1
,,,,,,,CAV1,,MYL12A,,,MAP4K4
,,,,,,,NASP,,ARL2,,,SPRY1
,,,,,,,ID3,,RNF126,,,GATM
,,,,,,,CALM3,,PSRC1,,,SP1
,,,,,,,SRF,,AKT1,,,FNDC3A
,,,,,,,LGALS3BP,,RHOC,,,PMEPA1
,,,,,,,COX4I2,,CYTOR,,,BEND5
,,,,,,,PABPN1,,WDR34,,,C17orf49
,,,,,,,YAP1,,TGFBR1,,,DNAJB6
,,,,,,,LUC7L3,,TMEM123,,,SHMT2
,,,,,,,TUBA1C,,COQ2,,,APOE
,,,,,,,RRAD,,ZEB2,,,DYNLL2
,,,,,,,BRD2,,TUBA1C,,,UBA1
,,,,,,,CSRP2,,ARHGDIA,,,NUBPL
,,,,,,,HSPB8,,SMC1A,,,SMIM12
,,,,,,,NET1,,SOGA1,,,CASP2
,,,,,,,SLC25A5,,ANAPC11,,,SMIM27
,,,,,,,MAP9,,MT-ND6,,,EIF4G1
,,,,,,,PARK7,,PLOD1,,,VCL
,,,,,,,RPS3,,TYROBP,,,ZNF511
,,,,,,,CAPZB,,NUP50,,,CHRNA1
,,,,,,,CAVIN3,,HLTF,,,IDI1
,,,,,,,MT-ND3,,HACD3,,,C8orf33
,,,,,,,COX6A1,,GPX4,,,EHBP1L1
,,,,,,,COX6C,,MEA1,,,FKBP4
,,,,,,,RPL4,,MAPK1,,,FAM107B
,,,,,,,FXYD1,,ASF1B,,,GAP43
,,,,,,,RPS20,,HINT2,,,NXF1
,,,,,,,PABPC1,,EMC8,,,TLE1
,,,,,,,ERH,,GANAB,,,SART1
,,,,,,,IFRD1,,LSM3,,,SCAMP3
,,,,,,,KLF6,,CAMK1D,,,GUCD1
,,,,,,,ILK,,RNF26,,,KLHL21
,,,,,,,SNHG8,,CISD2,,,PHF2
,,,,,,,MGST3,,VKORC1L1,,,TAB3
,,,,,,,MYOM1,,IRAK1,,,SLC4A2
,,,,,,,MTHFD2,,CDT1,,,SMG1
,,,,,,,DYNC1LI2,,GNB2,,,UBE2R2
,,,,,,,YWHAZ,,TMX1,,,LPAR1
,,,,,,,NR3C1,,MCM7,,,DDR1
,,,,,,,HSPA5,,CYTH2,,,MATN2
,,,,,,,KIF5B,,RASSF1,,,CCL8
,,,,,,,C9orf16,,PPIA,,,ATXN2
,,,,,,,FOXP1,,DAG1,,,DEGS1
,,,,,,,NCL,,ITGB1,,,WDR33
,,,,,,,ADAMTS1,,AP1S2,,,C11orf74
,,,,,,,HIPK3,,COPS8,,,OTUD1
,,,,,,,SRSF3,,MRPL18,,,CHERP
,,,,,,,ARPP19,,EMP2,,,HSPH1
,,,,,,,MGLL,,ACTL6A,,,CXCL14
,,,,,,,ZNF428,,CIT,,,VWA1
,,,,,,,CASC3,,HIGD1A,,,DNAJA1
,,,,,,,ATP5MC2,,CRAT,,,ID4
,,,,,,,COL4A1,,PRDX3,,,S100A1
,,,,,,,TBC1D1,,KTN1,,,WDR13
,,,,,,,INAFM1,,KIF20A,,,CHMP4A
,,,,,,,RSL24D1,,NRP1,,,MORF4L2
,,,,,,,PPP1R15A,,KPNA4,,,RB1CC1
,,,,,,,KDM6B,,MYO1C,,,QKI
,,,,,,,ADRA2A,,CDH13,,,PREX1
,,,,,,,ROCK2,,ERO1A,,,PCGF5
,,,,,,,PRDX2,,PTHLH,,,GSPT1
,,,,,,,HYI,,ATP6V0B,,,ASXL2
,,,,,,,TNS2,,LRRFIP2,,,GPBP1L1
,,,,,,,HLA-A,,NTAN1,,,KHDC4
,,,,,,,ARL6IP4,,PSENEN,,,EPOP
,,,,,,,PPP2R5E,,COL6A3,,,ISCA1
,,,,,,,PSMA7,,BTG3,,,IRAK1
,,,,,,,VPS29,,VDAC1,,,RSF1
,,,,,,,PDLIM3,,PSIP1,,,WDR44
,,,,,,,JUND,,SIVA1,,,SREBF1
,,,,,,,SBDS,,KPNB1,,,ITPR1
,,,,,,,ITGA1,,PIEZO1,,,PPIG
,,,,,,,ADCY3,,UBE2D2,,,PBRM1
,,,,,,,NR4A1,,RUVBL2,,,NR2F6
,,,,,,,FOXC1,,MIEN1,,,NFATC2
,,,,,,,NTRK2,,GNG5,,,NMT1
,,,,,,,IER5,,SPC24,,,PSMA3
,,,,,,,THBS1,,SAPCD2,,,NFYB
,,,,,,,MIR22HG,,EMC6,,,HIGD2A
,,,,,,,SRSF11,,HINT1,,,TARS
,,,,,,,ETV6,,SGO1,,,HMOX2
,,,,,,,RHOQ,,KNSTRN,,,DHX15
,,,,,,,HNRNPA3,,COMMD4,,,IMP4
,,,,,,,BTF3,,CIP2A,,,DCUN1D4
,,,,,,,RHOB,,KHDRBS1,,,RBM10
,,,,,,,MTRNR2L12,,CALU,,,TRAK1
,,,,,,,ATP5ME,,ACTN1,,,PCGF2
,,,,,,,SEM1,,LRRFIP1,,,MBTPS1
,,,,,,,CLIC1,,NDUFA6,,,SZRD1
,,,,,,,ARHGAP29,,HP1BP3,,,INF2
,,,,,,,COX6B1,,FKBP1A,,,CLK1
,,,,,,,RPSA,,YWHAZ,,,DNAJB1
,,,,,,,MAT2A,,COA1,,,PRKAR2A
,,,,,,,CRYAB,,CKLF,,,CBR1
,,,,,,,LAMP1,,SSU72,,,BLZF1
,,,,,,,CSRNP1,,ATP1B3,,,CIC
,,,,,,,CACNA1C,,MAP1B,,,FBXW11
,,,,,,,RBM8A,,NUDCD2,,,HSPA13
,,,,,,,MSRB3,,UBALD2,,,VAPA
,,,,,,,PRKAR1A,,RBM17,,,PPFIA1
,,,,,,,RASL12,,UPF3A,,,KANSL1
,,,,,,,ANP32B,,HMGN3,,,GPR137
,,,,,,,RBMX,,SYPL1,,,UTP25
,,,,,,,HSPA9,,RRAD,,,AP3D1
,,,,,,,ARHGAP1,,DCTN2,,,ZBTB8OS
,,,,,,,NUDT4,,ESYT1,,,TFAP2A
,,,,,,,LINC01197,,VAMP3,,,HMCN1
,,,,,,,NUCKS1,,RAB5IF,,,TP53INP2
,,,,,,,OLFML2A,,LMO4,,,VPS25
,,,,,,,GJA4,,DCTN3,,,PRMT1
,,,,,,,INPP4B,,ZWILCH,,,APPBP2
,,,,,,,TUBA1B,,ITGB3BP,,,SQLE
,,,,,,,YBX1,,PDIA6,,,MOB4
,,,,,,,TUBB,,COX5A,,,KMT2E
,,,,,,,EIF3K,,TPI1,,,ARAP2
,,,,,,,RASAL2,,NCAPH2,,,LGALS1
,,,,,,,RALY,,GAS2L3,,,USP7
,,,,,,,SGCA,,EXOSC8,,,GAS7
,,,,,,,NFIB,,RANGAP1,,,NR2F1
,,,,,,,FAM241A,,SUMO1,,,MAFA
,,,,,,,LDB3,,CRIP2,,,DPF2
,,,,,,,RWDD1,,CDC25B,,,SYNCRIP
,,,,,,,IL6,,DEPDC1,,,GLUD1
,,,,,,,RBBP6,,MRPL57,,,PPP1R15A
,,,,,,,COX4I1,,MTDH,,,JADE1
,,,,,,,UBXN1,,NR1D2,,,PTTG1
,,,,,,,KLHL23,,MTPN,,,CSNK1A1
,,,,,,,DMPK,,ALKBH5,,,ARF6
,,,,,,,HSPA1B,,UBE2A,,,SRM
,,,,,,,ACTN1,,PPP1CC,,,RAB8A
,,,,,,,TCF25,,RPA3,,,H1FX
,,,,,,,MRPL32,,ARF5,,,POLR2A
,,,,,,,RPS19,,FAAP20,,,DNAJC10
,,,,,,,TTLL7,,YWHAE,,,KLHL24
,,,,,,,PAWR,,HMMR,,,FCGR2B
,,,,,,,YBX3,,PRELID1,,,ZBTB10
,,,,,,,KTN1,,PTP4A2,,,FGL2
,,,,,,,SKP1,,SNRPD1,,,DDX39B
,,,,,,,CEBPB,,ADAM15,,,DNAJB2
,,,,,,,CCDC107,,KIF22,,,R3HCC1
,,,,,,,GUCY1B1,,COL15A1,,,MICALL1
,,,,,,,SLMAP,,CSTB,,,ZFAND2A
,,,,,,,DYNLL1,,MYBL1,,,ZMYM2
,,,,,,,HSPE1,,MYBL2,,,VGLL3
,,,,,,,TMBIM6,,UBE2I,,,DOCK1
,,,,,,,NR2F2-AS1,,EMD,,,ANTKMT
,,,,,,,LAMA5,,TMEM18,,,UPP1
,,,,,,,UTRN,,LAMTOR2,,,SUZ12
,,,,,,,ARPC5,,POLR2E,,,SLC23A2
,,,,,,,PPP1CB,,SORT1,,,SDHAF2
,,,,,,,HSPA1A,,RBP4,,,SF3B1
,,,,,,,SYNM,,WSB2,,,NRN1
,,,,,,,RARRES2,,GIHCG,,,BX284668.5
,,,,,,,CDS2,,CSE1L,,,EIF4A1
,,,,,,,PGF,,TMEM50A,,,N4BP2L1
,,,,,,,INF2,,NDUFS6,,,CCN3
,,,,,,,H1FX,,ARPC3,,,ANKRD10
,,,,,,,GJC1,,ARL4C,,,PIM3
,,,,,,,GUK1,,PSMD9,,,DDAH2
,,,,,,,PDK4,,SNRPF,,,CDC42EP5
,,,,,,,RCAN2,,SNHG6,,,PSMC5
,,,,,,,ESAM,,DAZAP1,,,ENTPD2
,,,,,,,CHN1,,PPP1CA,,,RPA3
,,,,,,,LGI4,,GOLM1,,,PRKAR1A
,,,,,,,MEF2C,,PLGRKT,,,RPL7
,,,,,,,NDRG2,,CTNNAL1,,,TNFRSF12A
,,,,,,,INTS6,,GPC1,,,SLC44A2
,,,,,,,PDLIM7,,TAF9,,,H2AFZ
,,,,,,,SELENBP1,,PA2G4,,,BRD4
,,,,,,,ARID5A,,CHIC2,,,TIMM44
,,,,,,,EPS8,,PFKL,,,ATF3
,,,,,,,CRIM1,,MYH9,,,GLIS3
,,,,,,,MAP3K20,,ROCK1,,,FUT11
,,,,,,,CAMTA1,,CTSL,,,C12orf65
,,,,,,,SYNE2,,TUFM,,,HNRNPM
,,,,,,,SRSF2,,THOC7,,,GRASP
,,,,,,,NPY1R,,PRSS23,,,APP
,,,,,,,PHLDA2,,ATP2B4,,,DPM2
,,,,,,,DUSP1,,POMP,,,CCNK
,,,,,,,TACC1,,ARL6IP4,,,ARL4D
,,,,,,,PLCG2,,COL4A2,,,RYBP
,,,,,,,RGS5,,CDCA8,,,CHST14
,,,,,,,GUCY1A1,,RAB13,,,ZC2HC1A
,,,,,,,ENAH,,DIAPH1,,,KIAA0319L
,,,,,,,ACTG2,,HIGD2A,,,CREBRF
,,,,,,,PDGFA,,MIER1,,,HNRNPA1
,,,,,,,NTRK3,,CA5B,,,MBIP
,,,,,,,RBPMS,,PSMA7,,,ZDHHC20
,,,,,,,NRGN,,XRCC6,,,AKIRIN2
,,,,,,,PTP4A3,,RPL26L1,,,WDR47
,,,,,,,ROCK1,,HK1,,,GFRA3
,,,,,,,CLMN,,DESI2,,,RPS3
,,,,,,,EBF2,,MAP1A,,,RABEP1
,,,,,,,ARHGEF7,,ACTR2,,,ZNF652
,,,,,,,SORBS1,,DYNLRB1,,,COASY
,,,,,,,PDE3A,,WASF2,,,TSPAN15
,,,,,,,ITGA7,,TIPRL,,,RARA
,,,,,,,HES4,,ADAMTS1,,,CDC42SE1
,,,,,,,SLIT3,,ANKRD11,,,MT-ND1
,,,,,,,NEURL1B,,BIRC2,,,HSPA6
,,,,,,,ARHGAP10,,RBBP7,,,LSM7
,,,,,,,DACT3,,CSPG4,,,ELF1
,,,,,,,EDNRA,,NDUFA2,,,MAP3K2
,,,,,,,CARMN,,SNHG32,,,FAM181B
,,,,,,,C1QTNF1,,FHL2,,,CAVIN3
,,,,,,,NRARP,,MRPL37,,,MAF
,,,,,,,ITIH5,,ANKLE2,,,FBXO32
,,,,,,,TBX2-AS1,,AAK1,,,APOC1
,,,,,,,ZYX,,ABHD2,,,HSPA1A
,,,,,,,MAP3K7CL,,ARPC2,,,GTPBP4
,,,,,,,ITGA8,,HSPB11,,,RNF5
,,,,,,,MRVI1,,CD47,,,CFLAR
,,,,,,,PRKG1,,CENPE,,,ERBIN
,,,,,,,CAP2,,ATP5F1E,,,CDC42
,,,,,,,CDH6,,EIF5A,,,SNU13
,,,,,,,CBX6,,GRN,,,IQGAP1
,,,,,,,ARHGEF17,,APOLD1,,,PSMB2
,,,,,,,,,PTGES3,,,LINC00511
,,,,,,,,,USP16,,,DYNC1I2
,,,,,,,,,HSPA13,,,P3H1
,,,,,,,,,PBRM1,,,ABLIM1
,,,,,,,,,APLP2,,,MBOAT2
,,,,,,,,,PTN,,,ATF1
,,,,,,,,,AXL,,,TMEM259
,,,,,,,,,PSMD2,,,SNAI1
,,,,,,,,,C11orf24,,,LRCH3
,,,,,,,,,MAD2L1,,,PTPN4
,,,,,,,,,RTN3,,,PFDN1
,,,,,,,,,MELK,,,SERTAD1
,,,,,,,,,RAB32,,,PTPRB
,,,,,,,,,RNH1,,,EIF5
,,,,,,,,,H2AFX,,,SLC1A5
,,,,,,,,,TECR,,,ZNF451
,,,,,,,,,LMF2,,,GGNBP2
,,,,,,,,,SLBP,,,BAIAP2
,,,,,,,,,GTF2A2,,,TERF1
,,,,,,,,,WDR1,,,ABCF1
,,,,,,,,,SUB1,,,USP34
,,,,,,,,,PDCD5,,,UFC1
,,,,,,,,,SAMD1,,,NR1H2
,,,,,,,,,TNFRSF12A,,,FMNL2
,,,,,,,,,LRRC8C,,,RNF187
,,,,,,,,,OLFM1,,,DBI
,,,,,,,,,HNRNPD,,,C1orf198
,,,,,,,,,TLN1,,,ARHGAP12
,,,,,,,,,CNOT9,,,ROCK2
,,,,,,,,,FAM50A,,,TPRA1
,,,,,,,,,BAG1,,,COL8A1
,,,,,,,,,GNB1,,,GTF2B
,,,,,,,,,HSD3B7,,,PLAT
,,,,,,,,,SLC25A5,,,PPP2R2A
,,,,,,,,,FAP,,,MARCKS
,,,,,,,,,PRPF38B,,,CREM
,,,,,,,,,HDAC2,,,LCORL
,,,,,,,,,CENPB,,,AC009831.1
,,,,,,,,,BRI3,,,GPR155
,,,,,,,,,YIF1B,,,WBP11
,,,,,,,,,CDK4,,,MTERF4
,,,,,,,,,ACADVL,,,CTDNEP1
,,,,,,,,,FANCI,,,HDDC2
,,,,,,,,,UBE2L3,,,SOD1
,,,,,,,,,MYL6,,,CHD9
,,,,,,,,,GPI,,,PEG10
,,,,,,,,,C3orf14,,,OTUD5
,,,,,,,,,CAPZA1,,,LRRTM2
,,,,,,,,,PRMT2,,,CHCHD2
,,,,,,,,,CD276,,,C6orf62
,,,,,,,,,SELENOS,,,SETD5
,,,,,,,,,ZBTB38,,,TMEM9B
,,,,,,,,,ELOC,,,PTBP2
,,,,,,,,,CSF1,,,GON4L
,,,,,,,,,CAST,,,SHC4
,,,,,,,,,ALYREF,,,HSPB1
,,,,,,,,,PSME2,,,SMAD2
,,,,,,,,,HNRNPUL2,,,PRDM16
,,,,,,,,,MAP3K20,,,SORBS2
,,,,,,,,,CCT7,,,AHSA1
,,,,,,,,,DDX39A,,,PLEKHA4
,,,,,,,,,SPTBN1,,,RPL7L1
,,,,,,,,,MYADM,,,SKA2
,,,,,,,,,IQGAP1,,,SQSTM1
,,,,,,,,,UGDH,,,NRIP1
,,,,,,,,,PSMC5,,,FBXO21
,,,,,,,,,MXD3,,,ANXA2
,,,,,,,,,POGLUT3,,,YY1
,,,,,,,,,SH3GLB1,,,PTCH1
,,,,,,,,,RBX1,,,PAQR8
,,,,,,,,,FIBP,,,BCL7B
,,,,,,,,,G3BP1,,,TRMT112
,,,,,,,,,FBXO5,,,COMMD1
,,,,,,,,,E2F1,,,MXRA8
,,,,,,,,,MSN,,,RBMS1
,,,,,,,,,FLOT1,,,LRRC59
,,,,,,,,,MYL12B,,,CSRNP1
,,,,,,,,,H3F3A,,,ARHGEF12
,,,,,,,,,AL139220.2,,,CSKMT
,,,,,,,,,CKAP5,,,IQGAP2
,,,,,,,,,MTCH1,,,HSPA1B
,,,,,,,,,EMP3,,,PDS5B
,,,,,,,,,SLC16A3,,,AMD1
,,,,,,,,,SCCPDH,,,PPM1D
,,,,,,,,,LRR1,,,CTSC
,,,,,,,,,MICOS10,,,PRKCA
,,,,,,,,,CAPNS1,,,COPS2
,,,,,,,,,PLAUR,,,WIPI1
,,,,,,,,,TMEM107,,,TKT
,,,,,,,,,HDGFL3,,,BTG3
,,,,,,,,,SGO2,,,PITPNB
,,,,,,,,,FAM126A,,,HSPA8
,,,,,,,,,C4orf48,,,RGS11
,,,,,,,,,BSG,,,ZNF431
,,,,,,,,,SET,,,JUN
,,,,,,,,,SPC25,,,CTNNAL1
,,,,,,,,,VDAC2,,,ETF1
,,,,,,,,,GPSM2,,,LUC7L3
,,,,,,,,,CCM2,,,MIDN
,,,,,,,,,CANX,,,SYNM
,,,,,,,,,S100A11,,,SMIM5
,,,,,,,,,ABCF1,,,S100B
,,,,,,,,,GLTP,,,MRFAP1
,,,,,,,,,STMP1,,,CLIC4
,,,,,,,,,GSTO1,,,MRPS18B
,,,,,,,,,MRPL41,,,TWISTNB
,,,,,,,,,RAP1B,,,LAMC1
,,,,,,,,,PSMC1,,,SPTAN1
,,,,,,,,,SMTN,,,OLFML2A
,,,,,,,,,ANKRD9,,,OBSL1
,,,,,,,,,DDX46,,,PPP1R18
,,,,,,,,,MANF,,,RSRC2
,,,,,,,,,CDC42,,,CITED2
,,,,,,,,,STX2,,,UBC
,,,,,,,,,SH3BGRL3,,,COL16A1
,,,,,,,,,BUB3,,,ZNF106
,,,,,,,,,XRCC5,,,ARHGEF1
,,,,,,,,,NCAPG2,,,NSFL1C
,,,,,,,,,SPAG9,,,SERPINA3
,,,,,,,,,TXNDC17,,,CORO1B
,,,,,,,,,RFLNB,,,ATF4
,,,,,,,,,DYNC1I2,,,DST
,,,,,,,,,EMC9,,,IER5
,,,,,,,,,TGFBI,,,ZFAND6
,,,,,,,,,PSMG3,,,FNIP1
,,,,,,,,,TPPP3,,,ZNRF2
,,,,,,,,,ATP5MF,,,TENT5A
,,,,,,,,,HLA-B,,,HEXIM1
,,,,,,,,,PPP2CA,,,GLG1
,,,,,,,,,BAX,,,MRPS34
,,,,,,,,,FGFR1,,,CCT2
,,,,,,,,,RPSA,,,CDK9
,,,,,,,,,CIB1,,,ADAMTS7
,,,,,,,,,CCL4L2,,,DNAJB11
,,,,,,,,,ESYT2,,,TBCC
,,,,,,,,,BRK1,,,TUBA1A
,,,,,,,,,ATP5MC3,,,RPP21
,,,,,,,,,MCM5,,,FNBP4
,,,,,,,,,MCM3,,,GREM1
,,,,,,,,,CCL3,,,PRNP
,,,,,,,,,FZR1,,,CNOT2
,,,,,,,,,PKM,,,PWWP2A
,,,,,,,,,ANKRD28,,,RAP1B
,,,,,,,,,EZH2,,,PMPCA
,,,,,,,,,SEPTIN7,,,FAM32A
,,,,,,,,,ST3GAL4,,,ANKRD50
,,,,,,,,,CENPM,,,NAMPT
,,,,,,,,,NAP1L1,,,TOB1
,,,,,,,,,COX7A2,,,MAPK1
,,,,,,,,,SULF1,,,AIP
,,,,,,,,,KIF2C,,,PRRC2A
,,,,,,,,,EZR,,,TGIF1
,,,,,,,,,DNAJC1,,,KLHL26
,,,,,,,,,ANO1,,,TIPRL
,,,,,,,,,GAMT,,,MYOT
,,,,,,,,,ANXA5,,,CNRIP1
,,,,,,,,,GTF3A,,,MYF5
,,,,,,,,,CCAR1,,,RHEB
,,,,,,,,,ERH,,,COL14A1
,,,,,,,,,CD44,,,MCL1
,,,,,,,,,GNB4,,,CNP
,,,,,,,,,RCN2,,,PRIMA1
,,,,,,,,,TGFB1,,,CKS2
,,,,,,,,,PTTG1IP,,,SIRT1
,,,,,,,,,LTBP1,,,TGFBR2
,,,,,,,,,CTSB,,,UBE2H
,,,,,,,,,COL6A2,,,LMNA
,,,,,,,,,SAE1,,,SPPL2A
,,,,,,,,,LOXL2,,,ADAM10
,,,,,,,,,ARNTL2,,,NFE2L2
,,,,,,,,,YME1L1,,,GOLGA3
,,,,,,,,,PSMA4,,,ILK
,,,,,,,,,CCDC85B,,,GALNT17
,,,,,,,,,CDCA4,,,CDC37
,,,,,,,,,SURF4,,,CCND2
,,,,,,,,,CCT5,,,FBLN2
,,,,,,,,,GNAI2,,,H3F3B
,,,,,,,,,CDK2AP2,,,EIF4A2
,,,,,,,,,SMOC1,,,CCDC59
,,,,,,,,,RAD51AP1,,,CAPS
,,,,,,,,,ACTG1,,,PLEKHF2
,,,,,,,,,IAH1,,,MBNL2
,,,,,,,,,UQCRQ,,,C1orf52
,,,,,,,,,RTN4,,,GNG2
,,,,,,,,,TSPAN3,,,SON
,,,,,,,,,KIFC1,,,EMP2
,,,,,,,,,ARPC1A,,,MAN2B2
,,,,,,,,,MRFAP1,,,SORBS1
,,,,,,,,,PGK1,,,SMARCA2
,,,,,,,,,CD151,,,MATN4
,,,,,,,,,FSTL1,,,NR3C1
,,,,,,,,,COPS9,,,IL34
,,,,,,,,,PPDPF,,,TUBA1C
,,,,,,,,,DDAH2,,,KLF6
,,,,,,,,,BCL2L12,,,PLXND1
,,,,,,,,,FBN1,,,CTNND1
,,,,,,,,,CCDC88A,,,MIGA1
,,,,,,,,,ARPC5L,,,TMSB10
,,,,,,,,,SMIM3,,,SLC38A2
,,,,,,,,,CKAP4,,,LUC7L
,,,,,,,,,EIF2S2,,,PSME2
,,,,,,,,,CLIC4,,,NDRG2
,,,,,,,,,TXN,,,PCF11
,,,,,,,,,CD82,,,SNHG16
,,,,,,,,,P4HB,,,NDUFS4
,,,,,,,,,TBCB,,,GNAI3
,,,,,,,,,ILVBL,,,CAB39L
,,,,,,,,,KMT5A,,,NDUFB10
,,,,,,,,,SRSF3,,,ANXA6
,,,,,,,,,CNIH1,,,RND3
,,,,,,,,,PARK7,,,PSMC1
,,,,,,,,,SLC2A4RG,,,PCDH9
,,,,,,,,,CKB,,,PTPN13
,,,,,,,,,POC1A,,,GRIK3
,,,,,,,,,PHLDA1,,,RPS27L
,,,,,,,,,ABL2,,,ARSG
,,,,,,,,,CRLF1,,,IFFO1
,,,,,,,,,ELOVL1,,,PNPLA2
,,,,,,,,,HJURP,,,ARMCX4
,,,,,,,,,UXT,,,MAFK
,,,,,,,,,DLGAP5,,,USP1
,,,,,,,,,CCND1,,,NOP58
,,,,,,,,,COX6C,,,ZNF516
,,,,,,,,,KNL1,,,PPP1R12B
,,,,,,,,,UQCC2,,,DDX3Y
,,,,,,,,,PLIN3,,,ATP6V0B
,,,,,,,,,SGK1,,,PI4KA
,,,,,,,,,LMO7,,,ATP5F1C
,,,,,,,,,NIPA2,,,TPM3
,,,,,,,,,MCM4,,,RBM39
,,,,,,,,,HMOX1,,,C15orf40
,,,,,,,,,SDC2,,,PNRC2
,,,,,,,,,TREM1,,,FAM102A
,,,,,,,,,S100A16,,,NFKBIB
,,,,,,,,,SPP1,,,HSPA2
,,,,,,,,,IGFBP3,,,HSPA9
,,,,,,,,,SDC1,,,EEF1B2
,,,,,,,,,RCAN1,,,ARHGAP39
,,,,,,,,,RELL1,,,SMAD5
,,,,,,,,,ISLR,,,RBM17
,,,,,,,,,COL5A3,,,FEZ2
,,,,,,,,,CD74,,,DDX39A
,,,,,,,,,COL4A1,,,SKIL
,,,,,,,,,NEAT1,,,ABTB1
,,,,,,,,,MT-CO3,,,C12orf10
,,,,,,,,,IQGAP3,,,CHL1
,,,,,,,,,CCNB1,,,UBQLN1
,,,,,,,,,HLA-DPA1,,,FOXP1
,,,,,,,,,NEURL1B,,,ATP5F1A
,,,,,,,,,CXCL8,,,BTF3L4
,,,,,,,,,PLAU,,,AOPEP
,,,,,,,,,KIF4A,,,CADM2
,,,,,,,,,CCL2,,,FBXO7
,,,,,,,,,HLA-DRB1,,,PABPC4
,,,,,,,,,RNASE1,,,DLX2
,,,,,,,,,CXCL1,,,SRGAP2C
,,,,,,,,,,,,PDAP1
,,,,,,,,,,,,DAAM2
,,,,,,,,,,,,HMGB1
,,,,,,,,,,,,RNF38
,,,,,,,,,,,,TSPAN31
,,,,,,,,,,,,SET
,,,,,,,,,,,,PRPF38B
,,,,,,,,,,,,NUFIP2
,,,,,,,,,,,,CFAP410
,,,,,,,,,,,,SEPTIN11
,,,,,,,,,,,,HDAC7
,,,,,,,,,,,,CNNM3
,,,,,,,,,,,,SLK
,,,,,,,,,,,,HSPE1
,,,,,,,,,,,,DIP2B
,,,,,,,,,,,,SARAF
,,,,,,,,,,,,WDR83OS
,,,,,,,,,,,,FBXL3
,,,,,,,,,,,,EMC7
,,,,,,,,,,,,SLC25A33
,,,,,,,,,,,,DAZAP1
,,,,,,,,,,,,SYNGR1
,,,,,,,,,,,,TUBB4B
,,,,,,,,,,,,ADK
,,,,,,,,,,,,JUND
,,,,,,,,,,,,COL18A1
,,,,,,,,,,,,HMGN1
,,,,,,,,,,,,OAT
,,,,,,,,,,,,ADAMTS1
,,,,,,,,,,,,PHACTR4
,,,,,,,,,,,,EPB41L4A-AS1
,,,,,,,,,,,,C16orf72
,,,,,,,,,,,,MYO1C
,,,,,,,,,,,,PDIA3
,,,,,,,,,,,,RNF139
,,,,,,,,,,,,DAZAP2
,,,,,,,,,,,,TASOR2
,,,,,,,,,,,,UTP23
,,,,,,,,,,,,FXYD1
,,,,,,,,,,,,PTPN12
,,,,,,,,,,,,JAK1
,,,,,,,,,,,,SMG7
,,,,,,,,,,,,TJP1
,,,,,,,,,,,,GNAS
,,,,,,,,,,,,CUBN
,,,,,,,,,,,,IL11RA
,,,,,,,,,,,,TAF1D
,,,,,,,,,,,,CFAP298
,,,,,,,,,,,,HMCN2
,,,,,,,,,,,,PPFIBP1
,,,,,,,,,,,,SUMO3
,,,,,,,,,,,,TATDN1
,,,,,,,,,,,,SPEN
,,,,,,,,,,,,SNHG12
,,,,,,,,,,,,BUD23
,,,,,,,,,,,,LRRC4C
,,,,,,,,,,,,PA2G4
,,,,,,,,,,,,DYNLT3
,,,,,,,,,,,,USF2
,,,,,,,,,,,,HLA-B
,,,,,,,,,,,,UBE2S
,,,,,,,,,,,,MRPL52
,,,,,,,,,,,,GABPB1-AS1
,,,,,,,,,,,,SFPQ
,,,,,,,,,,,,MRPL28
,,,,,,,,,,,,CFL1
,,,,,,,,,,,,SOX6
,,,,,,,,,,,,B4GALNT1
,,,,,,,,,,,,ZBTB7A
,,,,,,,,,,,,HSP90AB1
,,,,,,,,,,,,NEDD8
,,,,,,,,,,,,ARMCX1
,,,,,,,,,,,,PHAX
,,,,,,,,,,,,HNRNPC
,,,,,,,,,,,,HNRNPDL
,,,,,,,,,,,,ITPK1
,,,,,,,,,,,,SERTAD2
,,,,,,,,,,,,HERC4
,,,,,,,,,,,,GADD45B
,,,,,,,,,,,,TMOD2
,,,,,,,,,,,,ADNP
,,,,,,,,,,,,SORCS1
,,,,,,,,,,,,RAB7A
,,,,,,,,,,,,TRIM8
,,,,,,,,,,,,TNRC6A
,,,,,,,,,,,,RPL27
,,,,,,,,,,,,TTC1
,,,,,,,,,,,,GPR137B
,,,,,,,,,,,,CSNK1E
,,,,,,,,,,,,LINC01783
,,,,,,,,,,,,RAB14
,,,,,,,,,,,,PEMT
,,,,,,,,,,,,HBP1
,,,,,,,,,,,,EIF4EBP2
,,,,,,,,,,,,LSM1
,,,,,,,,,,,,RPS19
,,,,,,,,,,,,MARCH6
,,,,,,,,,,,,MCFD2
,,,,,,,,,,,,NECTIN2
,,,,,,,,,,,,YWHAQ
,,,,,,,,,,,,DHH
,,,,,,,,,,,,HBEGF
,,,,,,,,,,,,ZFP36L2
,,,,,,,,,,,,KPNA6
,,,,,,,,,,,,PDLIM3
,,,,,,,,,,,,FABP5
,,,,,,,,,,,,TRMT10C
,,,,,,,,,,,,STT3A
,,,,,,,,,,,,SH3PXD2A
,,,,,,,,,,,,FUNDC2
,,,,,,,,,,,,PTPRJ
,,,,,,,,,,,,SIRT2
,,,,,,,,,,,,PPP2CA
,,,,,,,,,,,,KIF1B
,,,,,,,,,,,,MPG
,,,,,,,,,,,,COL9A3
,,,,,,,,,,,,PAFAH1B1
,,,,,,,,,,,,IRS2
,,,,,,,,,,,,SLC25A3
,,,,,,,,,,,,TRA2B
,,,,,,,,,,,,NDUFA4
,,,,,,,,,,,,ATP1B3
,,,,,,,,,,,,RPS26
,,,,,,,,,,,,RNASEK
,,,,,,,,,,,,SBDS
,,,,,,,,,,,,KIAA1109
,,,,,,,,,,,,NFIB
,,,,,,,,,,,,TALDO1
,,,,,,,,,,,,ATP1A1
,,,,,,,,,,,,TNPO3
,,,,,,,,,,,,HINT2
,,,,,,,,,,,,BRD2
,,,,,,,,,,,,SAT2
,,,,,,,,,,,,NAT14
,,,,,,,,,,,,FDPS
,,,,,,,,,,,,LMCD1
,,,,,,,,,,,,PABPN1
,,,,,,,,,,,,EIF2S1
,,,,,,,,,,,,TAPBP
,,,,,,,,,,,,GADD45A
,,,,,,,,,,,,SLC3A2
,,,,,,,,,,,,ARID1B
,,,,,,,,,,,,RPL31
,,,,,,,,,,,,SNHG1
